{"cameraMode":{"drawMode":0,"name":"Shaded","section":"Shading Mode"},"sceneLighting":true,"audioPlay":false,"sceneViewState":{"showFog":true,"showMaterialUpdate":false,"showSkybox":true,"showFlares":true,"showImageEffects":true,"showParticleSystems":true},"in2DMode":false,"pivot":{"x":135.45327758789063,"y":-7.044592380523682,"z":-9.494261741638184},"rotation":{"x":0.5187581181526184,"y":-0.001282367273233831,"z":0.0007781782769598067,"w":0.8549203276634216},"size":41.70317077636719,"orthographic":true}