{"cameraMode":{"drawMode":0,"name":"Shaded","section":"Shading Mode"},"sceneLighting":true,"audioPlay":false,"sceneViewState":{"showFog":true,"showMaterialUpdate":false,"showSkybox":true,"showFlares":true,"showImageEffects":true,"showParticleSystems":true},"in2DMode":false,"pivot":{"x":108.25249481201172,"y":18.53218650817871,"z":39.552825927734378},"rotation":{"x":0.5187581181526184,"y":-0.001282367273233831,"z":0.0007781782769598067,"w":0.8549203276634216},"size":257.87176513671877,"orthographic":true}