{"cameraMode":{"drawMode":0,"name":"Shaded","section":"Shading Mode"},"sceneLighting":true,"audioPlay":false,"sceneViewState":{"showFog":true,"showMaterialUpdate":false,"showSkybox":true,"showFlares":true,"showImageEffects":true,"showParticleSystems":true},"in2DMode":false,"pivot":{"x":-165.65658569335938,"y":21.576400756835939,"z":56.693851470947269},"rotation":{"x":0.5187581181526184,"y":-0.001282367273233831,"z":0.0007781782769598067,"w":0.8549203276634216},"size":60.72262191772461,"orthographic":true}