{"cameraMode":{"drawMode":0,"name":"Shaded","section":"Shading Mode"},"sceneLighting":true,"audioPlay":false,"sceneViewState":{"showFog":true,"showMaterialUpdate":false,"showSkybox":true,"showFlares":true,"showImageEffects":true,"showParticleSystems":true},"in2DMode":false,"pivot":{"x":-176.4513702392578,"y":4.045632839202881,"z":22.98772430419922},"rotation":{"x":0.5187581181526184,"y":-0.001282367273233831,"z":0.0007781782769598067,"w":0.8549203276634216},"size":31.993480682373048,"orthographic":true}